dataset,content_auc,content_f1,session_auc,session_f1,fused_auc,fused_f1,rf_auc,rf_f1,rf_fpr,iforest_auc,iforest_f1,iforest_fpr,ocsvm_auc,ocsvm_f1,ocsvm_fpr
access_attacks_200,0.4745934959349594,0.11494252873563218,nan,nan,0.4745934959349594,0.11494252873563218,0.9,0.875,0.2,0.862857142857143,0.2926829268292683,0.0,0.6114285714285714,0.4090909090909091,0.0
access_eval_mix_2000,0.6878849902534113,0.11627906976744186,nan,nan,0.6878849902534113,0.11627906976744186,0.7755417956656347,0.8187702265372169,0.5454545454545454,0.6648305255116401,0.34430379746835443,0.05194805194805195,0.6190342165574364,0.4358353510895884,0.0
access_eval_small_500,0.6984138308244751,0.11961722488038277,nan,nan,0.6984138308244751,0.11961722488038277,0.7546600877192984,0.8,0.5833333333333334,0.6584429824561403,0.39603960396039606,0.20833333333333334,0.6595394736842106,0.44,0.08333333333333333
access_mixed_500,0.5980983877635387,0.15625,nan,nan,0.5980983877635387,0.15625,0.6775527077304672,0.6491228070175439,0.43902439024390244,0.5667631252583712,0.3333333333333333,0.14634146341463414,0.6357999173212071,0.39473684210526316,0.04878048780487805
access_small_benign,0.627384960718294,0.16666666666666666,nan,nan,0.627384960718294,0.16666666666666666,0.7222222222222222,0.75,0.25,0.7569444444444444,0.5882352941176471,0.0,0.4722222222222222,0.4,0.0
access_super_long_session_2000,nan,0.0,nan,0.0,nan,0.0,,,,nan,0.0,0.0525,nan,0.0,0.0525
csic_eval,0.7013534222133564,0.1391774583748399,0.974804830527299,0.21723966118584953,0.7711832557572533,0.14189693801344286,0.8932920160904526,0.7811195365084774,0.3012979839823253,0.7088394238641563,0.2674842558833278,0.03534935100800884,0.44180181812313124,0.23139399966848997,0.05026235846451257
nginx_json_eval_800,0.6577705556167603,0.1111111111111111,nan,nan,0.6577705556167603,0.1111111111111111,0.6753034547152195,0.7542372881355932,0.6176470588235294,0.5492530345471522,0.14388489208633093,0.08823529411764706,0.5511204481792717,0.3006535947712418,0.11764705882352941
