stem,fused,content,session
access_eval_mix_2000,0.660171,0.687885,0.663533
access_eval_small_500,0.668117,0.698414,0.674015
nginx_json_eval_800,0.575521,0.657771,0.586262
