dataset,n_lines,content_auc,content_prauc,content_f1,content_precision,content_recall,content_fpr,session_auc,session_prauc,session_f1,session_precision,session_recall,session_fpr,fused_auc,fused_prauc,fused_f1,fused_precision,fused_recall,fused_fpr
csic_eval,61065,0.7013534222133564,0.5924299440028821,0.1391774583748399,0.6427867236279987,0.07803710353081987,0.030194444444444444,0.9740793874814373,0.9737221714427656,0.2170928619696269,1.0,0.12176341512068621,0.0,0.7711832557572533,0.6394197260930912,0.14189693801344286,0.6532416502946955,0.07959305804907241,0.029416666666666667
access_eval_mix_2000,2000,0.6878849902534113,0.9149706290816313,0.11627906976744186,1.0,0.06172839506172839,0.0,,,,,,,0.6878849902534113,0.9149706290816313,0.11627906976744186,1.0,0.06172839506172839,0.0
access_eval_small_500,500,0.6984138308244751,0.9076412425245981,0.11961722488038277,1.0,0.06361323155216285,0.0,,,,,,,0.6984138308244751,0.9076412425245981,0.11961722488038277,1.0,0.06361323155216285,0.0
nginx_json_eval_800,800,0.6577705556167603,0.8813358420411345,0.1111111111111111,0.925,0.05910543130990415,0.017241379310344827,,,,,,,0.6577705556167603,0.8813358420411345,0.1111111111111111,0.925,0.05910543130990415,0.017241379310344827
access_attacks_200,200,0.4745934959349594,0.844382192761778,0.11494252873563218,1.0,0.06097560975609756,0.0,,,,,,,0.4745934959349594,0.844382192761778,0.11494252873563218,1.0,0.06097560975609756,0.0
access_mixed_500,500,0.5980983877635387,0.7252467880006528,0.15625,1.0,0.0847457627118644,0.0,,,,,,,0.5980983877635387,0.7252467880006528,0.15625,1.0,0.0847457627118644,0.0
access_small_benign,120,0.627384960718294,0.7453882936313218,0.16666666666666666,1.0,0.09090909090909091,0.0,,,,,,,0.627384960718294,0.7453882936313218,0.16666666666666666,1.0,0.09090909090909091,0.0
access_super_long_session_2000,2000,,,0.0,0.0,0.0,0.05,,,0.0,0.0,0.0,0.0495,,,0.0,0.0,0.0,0.05
