{
  "auc": 0.8932920160904526,
  "prauc": 0.8539868041512144,
  "f1": 0.7811195365084774,
  "precision": 0.6775051729234407,
  "recall": 0.9221484610742305,
  "fpr": 0.3012979839823253
}