{
  "auc": 0.862857142857143,
  "prauc": 0.9804021079267384,
  "f1": 0.2926829268292683,
  "precision": 1.0,
  "recall": 0.17142857142857143,
  "fpr": 0.0,
  "n_train_benign": 31,
  "n_train_total": 160
}