{
  "auc": 0.9,
  "prauc": 0.9853437251372633,
  "f1": 0.875,
  "precision": 0.9655172413793104,
  "recall": 0.8,
  "fpr": 0.2
}