{
  "auc": 0.4722222222222222,
  "prauc": 0.6252408715202328,
  "f1": 0.4,
  "precision": 1.0,
  "recall": 0.25,
  "fpr": 0.0,
  "n_train_benign": 42,
  "n_train_total": 96
}