{
  "auc": 0.6648305255116401,
  "prauc": 0.8876445226568237,
  "f1": 0.34430379746835443,
  "precision": 0.9444444444444444,
  "recall": 0.21052631578947367,
  "fpr": 0.05194805194805195,
  "n_train_benign": 303,
  "n_train_total": 1600
}