{
  "auc": 0.5511204481792717,
  "prauc": 0.8150445214155875,
  "f1": 0.3006535947712418,
  "precision": 0.8518518518518519,
  "recall": 0.18253968253968253,
  "fpr": 0.11764705882352941,
  "n_train_benign": 140,
  "n_train_total": 640
}