{
  "auc": 0.7569444444444444,
  "prauc": 0.837584175084175,
  "f1": 0.5882352941176471,
  "precision": 1.0,
  "recall": 0.4166666666666667,
  "fpr": 0.0,
  "n_train_benign": 42,
  "n_train_total": 96
}