{
  "auc": 0.7755417956656347,
  "prauc": 0.9454461410856729,
  "f1": 0.8187702265372169,
  "precision": 0.8576271186440678,
  "recall": 0.7832817337461301,
  "fpr": 0.5454545454545454
}