{
  "auc": 0.6357999173212071,
  "prauc": 0.7680735105259837,
  "f1": 0.39473684210526316,
  "precision": 0.8823529411764706,
  "recall": 0.2542372881355932,
  "fpr": 0.04878048780487805,
  "n_train_benign": 164,
  "n_train_total": 400
}