{
  "auc": 0.6753034547152195,
  "prauc": 0.9038701859784891,
  "f1": 0.7542372881355932,
  "precision": 0.8090909090909091,
  "recall": 0.7063492063492064,
  "fpr": 0.6176470588235294
}