{
  "auc": 0.6584429824561403,
  "prauc": 0.8576168560273765,
  "f1": 0.39603960396039606,
  "precision": 0.8,
  "recall": 0.2631578947368421,
  "fpr": 0.20833333333333334,
  "n_train_benign": 83,
  "n_train_total": 400
}