{
  "auc": 0.6775527077304672,
  "prauc": 0.7993489950710493,
  "f1": 0.6491228070175439,
  "precision": 0.6727272727272727,
  "recall": 0.6271186440677966,
  "fpr": 0.43902439024390244
}