{
  "auc": 0.5667631252583712,
  "prauc": 0.700211397036595,
  "f1": 0.3333333333333333,
  "precision": 0.6842105263157895,
  "recall": 0.22033898305084745,
  "fpr": 0.14634146341463414,
  "n_train_benign": 164,
  "n_train_total": 400
}