{
  "auc": 0.7222222222222222,
  "prauc": 0.7751277388425726,
  "f1": 0.75,
  "precision": 0.75,
  "recall": 0.75,
  "fpr": 0.25
}