{
  "auc": 0.6190342165574364,
  "prauc": 0.8898649586452504,
  "f1": 0.4358353510895884,
  "precision": 1.0,
  "recall": 0.2786377708978328,
  "fpr": 0.0,
  "n_train_benign": 303,
  "n_train_total": 1600
}