{
  "auc": 0.44180181812313124,
  "prauc": 0.4478663886322678,
  "f1": 0.23139399966848997,
  "precision": 0.6572504708097928,
  "recall": 0.1404144035405351,
  "fpr": 0.05026235846451257,
  "n_train_benign": 5000,
  "n_train_total": 48852
}