{
  "auc": 0.6114285714285714,
  "prauc": 0.9324376307835524,
  "f1": 0.4090909090909091,
  "precision": 1.0,
  "recall": 0.2571428571428571,
  "fpr": 0.0,
  "n_train_benign": 31,
  "n_train_total": 160
}