{
  "auc": 0.5492530345471522,
  "prauc": 0.7996758519732385,
  "f1": 0.14388489208633093,
  "precision": 0.7692307692307693,
  "recall": 0.07936507936507936,
  "fpr": 0.08823529411764706,
  "n_train_benign": 140,
  "n_train_total": 640
}