{
  "auc": 0.7546600877192984,
  "prauc": 0.9186325351374222,
  "f1": 0.8,
  "precision": 0.8108108108108109,
  "recall": 0.7894736842105263,
  "fpr": 0.5833333333333334
}