{
  "auc": 0.7088394238641563,
  "prauc": 0.6108144114131432,
  "f1": 0.2674842558833278,
  "precision": 0.7591721542803387,
  "recall": 0.1623415811707906,
  "fpr": 0.03534935100800884,
  "n_train_benign": 5000,
  "n_train_total": 48852
}