{
  "auc": 0.6595394736842106,
  "prauc": 0.8714224440504341,
  "f1": 0.44,
  "precision": 0.9166666666666666,
  "recall": 0.2894736842105263,
  "fpr": 0.08333333333333333,
  "n_train_benign": 83,
  "n_train_total": 400
}