{
  "log": "data/mixed/access_eval_mix_2000.log",
  "n_lines": 2000,
  "n_timed_streaming": 1950,
  "streaming": {
    "vectorize": {
      "mean_ms": 0.009791571742075926,
      "p50_ms": 0.009374998626299202,
      "p95_ms": 0.010916001156147104,
      "p99_ms": 0.019984419232059732
    },
    "content_score": {
      "mean_ms": 0.13903738928769224,
      "p50_ms": 0.13287500041769817,
      "p95_ms": 0.16463749852846377,
      "p99_ms": 0.2642780805399525
    },
    "session_score": {
      "mean_ms": 0.07715124052573138,
      "p50_ms": 0.07439550063281786,
      "p95_ms": 0.08502719992975472,
      "p99_ms": 0.1427726689507835
    },
    "fusion": {
      "mean_ms": 0.0001786758217256134,
      "p50_ms": 0.00016700141713954508,
      "p95_ms": 0.0002499982656445354,
      "p99_ms": 0.00033300239010713995
    },
    "throughput_lines_per_sec": 4421.670338998167
  },
  "batch": {
    "n_lines": 2000,
    "total_s": 0.003168125000229338,
    "per_line_ms": 0.001584062500114669,
    "throughput_lines_per_sec": 631288.2224833999
  }
}