{
  "n_lines": 800,
  "labels_used": true,
  "threshold_percentile": 95.0,
  "thresholds": {
    "content": 6.494569969177245,
    "session": 5821.223193359375,
    "fused": 2913.693042594194
  },
  "metrics": {
    "content": {
      "auc": 0.6400773628130376,
      "prauc": 0.5153198278135614,
      "f1": 0.2408026755852843,
      "precision": 0.9,
      "recall": 0.138996138996139,
      "tn": 537,
      "fp": 4,
      "fn": 223,
      "tp": 36,
      "fpr": 0.0073937153419593345,
      "threshold": 6.494569969177245,
      "alert_rate": 0.05
    },
    "session": {
      "auc": 0.6845181595643703,
      "prauc": 0.5476704049606622,
      "f1": 0.22742474916387959,
      "precision": 0.85,
      "recall": 0.13127413127413126,
      "tn": 535,
      "fp": 6,
      "fn": 225,
      "tp": 34,
      "fpr": 0.011090573012939002,
      "threshold": 5821.223193359375,
      "alert_rate": 0.05
    },
    "fused": {
      "auc": 0.6861168007193885,
      "prauc": 0.5488920782178064,
      "f1": 0.22742474916387959,
      "precision": 0.85,
      "recall": 0.13127413127413126,
      "tn": 535,
      "fp": 6,
      "fn": 225,
      "tp": 34,
      "fpr": 0.011090573012939002,
      "threshold": 2913.693042594194,
      "alert_rate": 0.05
    }
  }
}