{
  "n_lines": 500,
  "labels_used": true,
  "threshold_percentile": 95.0,
  "thresholds": {
    "content": 17.04126119613647,
    "session": 4771.95185546875,
    "fused": 2393.298986339569
  },
  "metrics": {
    "content": {
      "auc": 0.5980983877635387,
      "prauc": 0.7252467880006528,
      "f1": 0.15625,
      "precision": 1.0,
      "recall": 0.0847457627118644,
      "fpr": 0.0,
      "threshold": 17.04126119613647,
      "alert_rate": 0.05,
      "alerts_per_million": 50000.0,
      "f1_at_1pct": 0.03333333333333333,
      "thr_at_1pct": 573.5812512207032,
      "f1_at_0_1pct": 0.006756756756756757,
      "thr_at_0_1pct": 573.680104675293,
      "cm": {
        "tn": 205,
        "fp": 0,
        "fn": 270,
        "tp": 25
      },
      "tn": 205,
      "fp": 0,
      "fn": 270,
      "tp": 25
    },
    "session": {
      "auc": 0.6345762711864407,
      "prauc": 0.7612143279321066,
      "f1": 0.15625,
      "precision": 1.0,
      "recall": 0.0847457627118644,
      "fpr": 0.0,
      "threshold": 4771.95185546875,
      "alert_rate": 0.05,
      "alerts_per_million": 50000.0,
      "f1_at_1pct": 0.03333333333333333,
      "thr_at_1pct": 8292.60810546875,
      "f1_at_0_1pct": 0.006756756756756757,
      "thr_at_0_1pct": 8351.297535156249,
      "cm": {
        "tn": 205,
        "fp": 0,
        "fn": 270,
        "tp": 25
      },
      "tn": 205,
      "fp": 0,
      "fn": 270,
      "tp": 25
    },
    "fused": {
      "auc": 0.6313683340223232,
      "prauc": 0.7596294517551903,
      "f1": 0.15625,
      "precision": 1.0,
      "recall": 0.0847457627118644,
      "fpr": 0.0,
      "threshold": 2393.298986339569,
      "alert_rate": 0.05,
      "alerts_per_million": 50000.0,
      "f1_at_1pct": 0.03333333333333333,
      "thr_at_1pct": 4430.8975280761715,
      "f1_at_0_1pct": 0.006756756756756757,
      "thr_at_0_1pct": 4461.432179870605,
      "cm": {
        "tn": 205,
        "fp": 0,
        "fn": 270,
        "tp": 25
      },
      "tn": 205,
      "fp": 0,
      "fn": 270,
      "tp": 25
    }
  }
}