{
  "n_lines": 500,
  "labels_used": true,
  "threshold_percentile": 95.0,
  "thresholds": {
    "content": 107.05386009216309,
    "session": 3750.0947143554686,
    "fused": 1885.6280810356136
  },
  "metrics": {
    "content": {
      "auc": 0.6984138308244751,
      "prauc": 0.9076412425245981,
      "precision": 1.0,
      "recall": 0.06361323155216285,
      "f1": 0.11961722488038277,
      "tn": 107,
      "fp": 0,
      "fn": 368,
      "tp": 25,
      "fpr": 0.0,
      "threshold": 107.05386009216309,
      "alert_rate": 0.05
    },
    "session": {
      "auc": 0.6740148866852156,
      "prauc": 0.8781567049604797,
      "precision": 1.0,
      "recall": 0.06361323155216285,
      "f1": 0.11961722488038277,
      "tn": 107,
      "fp": 0,
      "fn": 368,
      "tp": 25,
      "fpr": 0.0,
      "threshold": 3750.0947143554686,
      "alert_rate": 0.05
    },
    "fused": {
      "auc": 0.6681172861525291,
      "prauc": 0.8801331965895388,
      "precision": 1.0,
      "recall": 0.06361323155216285,
      "f1": 0.11961722488038277,
      "tn": 107,
      "fp": 0,
      "fn": 368,
      "tp": 25,
      "fpr": 0.0,
      "threshold": 1885.6280810356136,
      "alert_rate": 0.05
    }
  }
}