{
  "n_lines": 300,
  "labels_used": true,
  "threshold_percentile": 95.0,
  "thresholds": {
    "content": 5.816526603698731,
    "session": 0.8415484279394152,
    "fused": 3.317007325589657
  },
  "metrics": {
    "content": {
      "auc": NaN,
      "prauc": NaN,
      "f1": 0.0,
      "precision": 0.0,
      "recall": 0.0,
      "fpr": 0.05,
      "threshold": 5.816526603698731,
      "alert_rate": 0.05,
      "alerts_per_million": 50000.0,
      "f1_at_1pct": 0.0,
      "thr_at_1pct": 5.824548325538635,
      "f1_at_0_1pct": 0.0,
      "thr_at_0_1pct": 5.8259301156997685,
      "cm": {
        "tn": 285,
        "fp": 15,
        "fn": 0,
        "tp": 0
      },
      "tn": 285,
      "fp": 15,
      "fn": 0,
      "tp": 0
    },
    "session": {
      "auc": NaN,
      "prauc": NaN,
      "f1": 0.0,
      "precision": 0.0,
      "recall": 0.0,
      "fpr": 0.05,
      "threshold": 0.8415484279394152,
      "alert_rate": 0.05,
      "alerts_per_million": 50000.0,
      "f1_at_1pct": 0.0,
      "thr_at_1pct": 1.0167765271663665,
      "f1_at_0_1pct": 0.0,
      "thr_at_0_1pct": 1.0628067991733556,
      "cm": {
        "tn": 285,
        "fp": 15,
        "fn": 0,
        "tp": 0
      },
      "tn": 285,
      "fp": 15,
      "fn": 0,
      "tp": 0
    },
    "fused": {
      "auc": NaN,
      "prauc": NaN,
      "f1": 0.0,
      "precision": 0.0,
      "recall": 0.0,
      "fpr": 0.05,
      "threshold": 3.317007325589657,
      "alert_rate": 0.05,
      "alerts_per_million": 50000.0,
      "f1_at_1pct": 0.0,
      "thr_at_1pct": 3.3815410575270652,
      "f1_at_0_1pct": 0.0,
      "thr_at_0_1pct": 3.4416108444929123,
      "cm": {
        "tn": 285,
        "fp": 15,
        "fn": 0,
        "tp": 0
      },
      "tn": 285,
      "fp": 15,
      "fn": 0,
      "tp": 0
    }
  }
}