{
  "n_lines": 61065,
  "labels_used": true,
  "threshold_percentile": 95.0,
  "thresholds": {
    "content": 55.0068244934082,
    "session": 338.62104492187484,
    "fused": 196.81393470764152
  },
  "metrics": {
    "content": {
      "auc": 0.7013534222133564,
      "prauc": 0.5924299440028821,
      "f1": 0.1391774583748399,
      "precision": 0.6427867236279987,
      "recall": 0.07803710353081987,
      "fpr": 0.030194444444444444,
      "threshold": 55.0068244934082,
      "alert_rate": 0.04983214607385573,
      "alerts_per_million": 49832.14607385573,
      "f1_at_1pct": 0.0457503604691945,
      "thr_at_1pct": 71.03668975830078,
      "f1_at_0_1pct": 0.004458421241192628,
      "thr_at_0_1pct": 248.268798828125,
      "cm": {
        "tn": 34913,
        "fp": 1087,
        "fn": 23109,
        "tp": 1956
      },
      "tn": 34913,
      "fp": 1087,
      "fn": 23109,
      "tp": 1956
    },
    "session": {
      "auc": 0.6294555993306292,
      "prauc": 0.5564364970050407,
      "f1": 0.13947864433301327,
      "precision": 0.6421087098886706,
      "recall": 0.07823658487931379,
      "fpr": 0.03036111111111111,
      "threshold": 338.62104492187484,
      "alert_rate": 0.050012281994595925,
      "alerts_per_million": 50012.28199459593,
      "f1_at_1pct": 0.046502570493846394,
      "thr_at_1pct": 436.0890673828125,
      "f1_at_0_1pct": 0.004934930552791817,
      "thr_at_0_1pct": 1508.0646982421881,
      "cm": {
        "tn": 34907,
        "fp": 1093,
        "fn": 23104,
        "tp": 1961
      },
      "tn": 34907,
      "fp": 1093,
      "fn": 23104,
      "tp": 1961
    },
    "fused": {
      "auc": 0.6817819375180088,
      "prauc": 0.58298549131091,
      "f1": 0.13947864433301327,
      "precision": 0.6421087098886706,
      "recall": 0.07823658487931379,
      "fpr": 0.03036111111111111,
      "threshold": 196.81393470764152,
      "alert_rate": 0.050012281994595925,
      "alerts_per_million": 50012.28199459593,
      "f1_at_1pct": 0.046502570493846394,
      "thr_at_1pct": 253.56287857055665,
      "f1_at_0_1pct": 0.004934930552791817,
      "thr_at_0_1pct": 878.1667485351566,
      "cm": {
        "tn": 34907,
        "fp": 1093,
        "fn": 23104,
        "tp": 1961
      },
      "tn": 34907,
      "fp": 1093,
      "fn": 23104,
      "tp": 1961
    }
  }
}