{
  "n_lines": 800,
  "labels_used": true,
  "threshold_percentile": 95.0,
  "thresholds": {
    "content": 107.05424842834472,
    "session": null,
    "fused": 107.05424842834472
  },
  "metrics": {
    "content": {
      "auc": 0.6577705556167603,
      "prauc": 0.8813358420411345,
      "precision": 0.925,
      "recall": 0.05910543130990415,
      "f1": 0.1111111111111111,
      "tn": 171,
      "fp": 3,
      "fn": 589,
      "tp": 37,
      "fpr": 0.017241379310344827,
      "threshold": 107.05424842834472,
      "alert_rate": 0.05,
      "f1_at_1pct": 0.022082018927444796,
      "thr_at_1pct": 573.7609631347656,
      "f1_at_0_1pct": 0.003189792663476874,
      "thr_at_0_1pct": 674.8767460327149,
      "alerts_per_million": 50000.0
    },
    "fused": {
      "auc": 0.6577705556167603,
      "prauc": 0.8813358420411345,
      "precision": 0.925,
      "recall": 0.05910543130990415,
      "f1": 0.1111111111111111,
      "tn": 171,
      "fp": 3,
      "fn": 589,
      "tp": 37,
      "fpr": 0.017241379310344827,
      "threshold": 107.05424842834472,
      "alert_rate": 0.05,
      "f1_at_1pct": 0.022082018927444796,
      "thr_at_1pct": 573.7609631347656,
      "f1_at_0_1pct": 0.003189792663476874,
      "thr_at_0_1pct": 674.8767460327149,
      "alerts_per_million": 50000.0
    }
  }
}