{
  "n_lines": 500,
  "labels_used": true,
  "threshold_percentile": 95.0,
  "thresholds": {
    "content": 107.05386009216309,
    "session": null,
    "fused": 107.05386009216309
  },
  "metrics": {
    "content": {
      "auc": 0.6984138308244751,
      "prauc": 0.9076412425245981,
      "precision": 1.0,
      "recall": 0.06361323155216285,
      "f1": 0.11961722488038277,
      "tn": 107,
      "fp": 0,
      "fn": 368,
      "tp": 25,
      "fpr": 0.0,
      "threshold": 107.05386009216309,
      "alert_rate": 0.05,
      "f1_at_1pct": 0.02512562814070352,
      "thr_at_1pct": 576.5226928710937,
      "f1_at_0_1pct": 0.005076142131979695,
      "thr_at_0_1pct": 659.3531345214855,
      "alerts_per_million": 50000.0
    },
    "fused": {
      "auc": 0.6984138308244751,
      "prauc": 0.9076412425245981,
      "precision": 1.0,
      "recall": 0.06361323155216285,
      "f1": 0.11961722488038277,
      "tn": 107,
      "fp": 0,
      "fn": 368,
      "tp": 25,
      "fpr": 0.0,
      "threshold": 107.05386009216309,
      "alert_rate": 0.05,
      "f1_at_1pct": 0.02512562814070352,
      "thr_at_1pct": 576.5226928710937,
      "f1_at_0_1pct": 0.005076142131979695,
      "thr_at_0_1pct": 659.3531345214855,
      "alerts_per_million": 50000.0
    }
  }
}