{
  "n_lines": 500,
  "labels_used": true,
  "threshold_percentile": 95.0,
  "thresholds": {
    "content": 17.04126119613647,
    "session": 4770.2185546875,
    "fused": 2393.584158158302
  },
  "metrics": {
    "content": {
      "auc": 0.5980983877635387,
      "prauc": 0.7252467880006528,
      "f1": 0.15625,
      "precision": 1.0,
      "recall": 0.0847457627118644,
      "fpr": 0.0,
      "threshold": 17.04126119613647,
      "alert_rate": 0.05,
      "alerts_per_million": 50000.0,
      "f1_at_1pct": 0.03333333333333333,
      "thr_at_1pct": 573.5812512207032,
      "f1_at_0_1pct": 0.006756756756756757,
      "thr_at_0_1pct": 573.680104675293,
      "cm": {
        "tn": 205,
        "fp": 0,
        "fn": 270,
        "tp": 25
      },
      "tn": 205,
      "fp": 0,
      "fn": 270,
      "tp": 25
    },
    "session": {
      "auc": 0.6355518809425383,
      "prauc": 0.7628283934786784,
      "f1": 0.15625,
      "precision": 1.0,
      "recall": 0.0847457627118644,
      "fpr": 0.0,
      "threshold": 4770.2185546875,
      "alert_rate": 0.05,
      "alerts_per_million": 50000.0,
      "f1_at_1pct": 0.03333333333333333,
      "thr_at_1pct": 8293.28869140625,
      "f1_at_0_1pct": 0.006756756756756757,
      "thr_at_0_1pct": 8349.091740234375,
      "cm": {
        "tn": 205,
        "fp": 0,
        "fn": 270,
        "tp": 25
      },
      "tn": 205,
      "fp": 0,
      "fn": 270,
      "tp": 25
    },
    "fused": {
      "auc": 0.6318974782968169,
      "prauc": 0.7603042443673865,
      "f1": 0.15625,
      "precision": 1.0,
      "recall": 0.0847457627118644,
      "fpr": 0.0,
      "threshold": 2393.584158158302,
      "alert_rate": 0.05,
      "alerts_per_million": 50000.0,
      "f1_at_1pct": 0.03333333333333333,
      "thr_at_1pct": 4430.683564147949,
      "f1_at_0_1pct": 0.006756756756756757,
      "thr_at_0_1pct": 4460.331952331543,
      "cm": {
        "tn": 205,
        "fp": 0,
        "fn": 270,
        "tp": 25
      },
      "tn": 205,
      "fp": 0,
      "fn": 270,
      "tp": 25
    }
  }
}