{
  "n_lines": 500,
  "labels_used": true,
  "threshold_percentile": 95.0,
  "thresholds": {
    "content": 17.04126300811767,
    "session": null,
    "fused": 17.04126300811767
  },
  "metrics": {
    "content": {
      "auc": 0.5980983877635387,
      "prauc": 0.7252467880006528,
      "precision": 1.0,
      "recall": 0.0847457627118644,
      "f1": 0.15625,
      "tn": 205,
      "fp": 0,
      "fn": 270,
      "tp": 25,
      "fpr": 0.0,
      "threshold": 17.04126300811767,
      "alert_rate": 0.05,
      "f1_at_1pct": 0.03333333333333333,
      "thr_at_1pct": 573.5812512207032,
      "f1_at_0_1pct": 0.006756756756756757,
      "thr_at_0_1pct": 573.680104675293,
      "alerts_per_million": 50000.0
    },
    "fused": {
      "auc": 0.5980983877635387,
      "prauc": 0.7252467880006528,
      "precision": 1.0,
      "recall": 0.0847457627118644,
      "f1": 0.15625,
      "tn": 205,
      "fp": 0,
      "fn": 270,
      "tp": 25,
      "fpr": 0.0,
      "threshold": 17.04126300811767,
      "alert_rate": 0.05,
      "f1_at_1pct": 0.03333333333333333,
      "thr_at_1pct": 573.5812512207032,
      "f1_at_0_1pct": 0.006756756756756757,
      "thr_at_0_1pct": 573.680104675293,
      "alerts_per_million": 50000.0
    }
  }
}