{
  "n_lines": 2000,
  "labels_used": true,
  "threshold_percentile": 95.0,
  "thresholds": {
    "content": 5.819892930984497,
    "session": 3.2004234790802,
    "fused": 4.384450519084931
  },
  "metrics": {
    "content": {
      "auc": null,
      "prauc": null,
      "precision": 0.0,
      "recall": 0.0,
      "f1": 0.0,
      "tn": 1900,
      "fp": 100,
      "fn": 0,
      "tp": 0,
      "fpr": 0.05,
      "threshold": 5.819892930984497,
      "alert_rate": 0.05,
      "f1_at_1pct": 0.0,
      "thr_at_1pct": 5.825646653175354,
      "f1_at_0_1pct": 0.0,
      "thr_at_0_1pct": 5.831002181529999,
      "alerts_per_million": 50000.0
    },
    "session": {
      "auc": null,
      "prauc": null,
      "precision": 0.0,
      "recall": 0.0,
      "f1": 0.0,
      "tn": 1882,
      "fp": 99,
      "fn": 0,
      "tp": 0,
      "fpr": 0.049974760222110046,
      "threshold": 3.2004234790802,
      "alert_rate": 0.049974760222110046,
      "f1_at_1pct": 0.0,
      "thr_at_1pct": 3.2669793128967286,
      "f1_at_0_1pct": 0.0,
      "thr_at_0_1pct": 3.3388887596130394,
      "alerts_per_million": 49974.760222110046
    },
    "fused": {
      "auc": null,
      "prauc": null,
      "precision": 0.0,
      "recall": 0.0,
      "f1": 0.0,
      "tn": 1900,
      "fp": 100,
      "fn": 0,
      "tp": 0,
      "fpr": 0.05,
      "threshold": 4.384450519084931,
      "alert_rate": 0.05,
      "f1_at_1pct": 0.0,
      "thr_at_1pct": 4.44353721499443,
      "f1_at_0_1pct": 0.0,
      "thr_at_0_1pct": 4.5285817394259205,
      "alerts_per_million": 50000.0
    }
  }
}