{
  "n_lines": 2000,
  "labels_used": true,
  "threshold_percentile": 95.0,
  "thresholds": {
    "content": 5.415239477157593,
    "session": 5864.720043945313,
    "fused": 2933.3290279239413
  },
  "metrics": {
    "content": {
      "auc": 0.6589083921298686,
      "prauc": 0.49927786207170866,
      "f1": 0.2471264367816092,
      "precision": 0.86,
      "recall": 0.14429530201342283,
      "tn": 1390,
      "fp": 14,
      "fn": 510,
      "tp": 86,
      "fpr": 0.009971509971509971,
      "threshold": 5.415239477157593,
      "alert_rate": 0.05
    },
    "session": {
      "auc": 0.7366811506912179,
      "prauc": 0.5829058863168552,
      "f1": 0.2471264367816092,
      "precision": 0.86,
      "recall": 0.14429530201342283,
      "tn": 1390,
      "fp": 14,
      "fn": 510,
      "tp": 86,
      "fpr": 0.009971509971509971,
      "threshold": 5864.720043945313,
      "alert_rate": 0.05
    },
    "fused": {
      "auc": 0.7378331803667374,
      "prauc": 0.583983747919235,
      "f1": 0.2471264367816092,
      "precision": 0.86,
      "recall": 0.14429530201342283,
      "tn": 1390,
      "fp": 14,
      "fn": 510,
      "tp": 86,
      "fpr": 0.009971509971509971,
      "threshold": 2933.3290279239413,
      "alert_rate": 0.05
    }
  }
}