{
  "n_lines": 200,
  "labels_used": true,
  "threshold_percentile": 95.0,
  "thresholds": {
    "content": 16.920013332366942,
    "session": null,
    "fused": 16.920013332366942
  },
  "metrics": {
    "content": {
      "auc": 0.4745934959349594,
      "prauc": 0.844382192761778,
      "precision": 1.0,
      "recall": 0.06097560975609756,
      "f1": 0.11494252873563218,
      "tn": 36,
      "fp": 0,
      "fn": 154,
      "tp": 10,
      "fpr": 0.0,
      "threshold": 16.920013332366942,
      "alert_rate": 0.05,
      "f1_at_1pct": 0.024096385542168676,
      "thr_at_1pct": 569.5406549072266,
      "f1_at_0_1pct": 0.012121212121212121,
      "thr_at_0_1pct": 572.8270452270508,
      "alerts_per_million": 50000.0
    },
    "fused": {
      "auc": 0.4745934959349594,
      "prauc": 0.844382192761778,
      "precision": 1.0,
      "recall": 0.06097560975609756,
      "f1": 0.11494252873563218,
      "tn": 36,
      "fp": 0,
      "fn": 154,
      "tp": 10,
      "fpr": 0.0,
      "threshold": 16.920013332366942,
      "alert_rate": 0.05,
      "f1_at_1pct": 0.024096385542168676,
      "thr_at_1pct": 569.5406549072266,
      "f1_at_0_1pct": 0.012121212121212121,
      "thr_at_0_1pct": 572.8270452270508,
      "alerts_per_million": 50000.0
    }
  }
}