{
  "n_lines": 800,
  "labels_used": true,
  "threshold_percentile": 95.0,
  "thresholds": {
    "content": 107.05424842834472,
    "session": 3754.867810058594,
    "fused": 1906.145742702484
  },
  "metrics": {
    "content": {
      "auc": 0.6577705556167603,
      "prauc": 0.8813358420411345,
      "precision": 0.925,
      "recall": 0.05910543130990415,
      "f1": 0.1111111111111111,
      "tn": 171,
      "fp": 3,
      "fn": 589,
      "tp": 37,
      "fpr": 0.017241379310344827,
      "threshold": 107.05424842834472,
      "alert_rate": 0.05
    },
    "session": {
      "auc": 0.5862619808306709,
      "prauc": 0.8076786657345433,
      "precision": 0.775,
      "recall": 0.04952076677316294,
      "f1": 0.09309309309309309,
      "tn": 165,
      "fp": 9,
      "fn": 595,
      "tp": 31,
      "fpr": 0.05172413793103448,
      "threshold": 3754.867810058594,
      "alert_rate": 0.05
    },
    "fused": {
      "auc": 0.5755205464360471,
      "prauc": 0.8080682460100901,
      "precision": 0.825,
      "recall": 0.052715654952076675,
      "f1": 0.0990990990990991,
      "tn": 167,
      "fp": 7,
      "fn": 593,
      "tp": 33,
      "fpr": 0.040229885057471264,
      "threshold": 1906.145742702484,
      "alert_rate": 0.05
    }
  }
}