{
  "n_lines": 200,
  "labels_used": true,
  "threshold_percentile": 95.0,
  "thresholds": {
    "content": 16.92001323699951,
    "session": 3790.1764282226563,
    "fused": 1902.5504623413085
  },
  "metrics": {
    "content": {
      "auc": 0.4745934959349594,
      "prauc": 0.844382192761778,
      "f1": 0.11494252873563218,
      "precision": 1.0,
      "recall": 0.06097560975609756,
      "fpr": 0.0,
      "threshold": 16.92001323699951,
      "alert_rate": 0.05,
      "alerts_per_million": 50000.0,
      "f1_at_1pct": 0.024096385542168676,
      "thr_at_1pct": 569.5406549072266,
      "f1_at_0_1pct": 0.012121212121212121,
      "thr_at_0_1pct": 572.8270452270507,
      "cm": {
        "tn": 36,
        "fp": 0,
        "fn": 154,
        "tp": 10
      },
      "tn": 36,
      "fp": 0,
      "fn": 154,
      "tp": 10
    },
    "session": {
      "auc": 0.5519986449864499,
      "prauc": 0.8698334625415439,
      "f1": 0.11494252873563218,
      "precision": 1.0,
      "recall": 0.06097560975609756,
      "fpr": 0.0,
      "threshold": 3790.1764282226563,
      "alert_rate": 0.05,
      "alerts_per_million": 50000.0,
      "f1_at_1pct": 0.024096385542168676,
      "thr_at_1pct": 8301.496435546875,
      "f1_at_0_1pct": 0.012121212121212121,
      "thr_at_0_1pct": 8351.348876953125,
      "cm": {
        "tn": 36,
        "fp": 0,
        "fn": 154,
        "tp": 10
      },
      "tn": 36,
      "fp": 0,
      "fn": 154,
      "tp": 10
    },
    "fused": {
      "auc": 0.5191395663956639,
      "prauc": 0.8625960908646233,
      "f1": 0.11494252873563218,
      "precision": 1.0,
      "recall": 0.06097560975609756,
      "fpr": 0.0,
      "threshold": 1902.5504623413085,
      "alert_rate": 0.05,
      "alerts_per_million": 50000.0,
      "f1_at_1pct": 0.024096385542168676,
      "thr_at_1pct": 4435.511109313965,
      "f1_at_0_1pct": 0.012121212121212121,
      "thr_at_0_1pct": 4461.939986419678,
      "cm": {
        "tn": 36,
        "fp": 0,
        "fn": 154,
        "tp": 10
      },
      "tn": 36,
      "fp": 0,
      "fn": 154,
      "tp": 10
    }
  }
}