{
  "n_lines": 61065,
  "labels_used": true,
  "threshold_percentile": 95.0,
  "thresholds": {
    "content": 55.0068244934082,
    "session": 0.9729148030281064,
    "fused": 27.877660664916036
  },
  "metrics": {
    "content": {
      "auc": 0.7013534222133564,
      "prauc": 0.5924299440028821,
      "precision": 0.6427867236279987,
      "recall": 0.07803710353081987,
      "f1": 0.1391774583748399,
      "tn": 34913,
      "fp": 1087,
      "fn": 23109,
      "tp": 1956,
      "fpr": 0.030194444444444444,
      "threshold": 55.0068244934082,
      "alert_rate": 0.04983214607385573,
      "f1_at_1pct": 0.0457503604691945,
      "thr_at_1pct": 71.03669738769531,
      "f1_at_0_1pct": 0.004458421241192628,
      "thr_at_0_1pct": 248.268798828125,
      "alerts_per_million": 49832.14607385573
    },
    "session": {
      "auc": 0.974804830527299,
      "prauc": 0.9741494612426896,
      "precision": 1.0,
      "recall": 0.1218557853549469,
      "f1": 0.21723966118584953,
      "tn": 35981,
      "fp": 0,
      "fn": 21994,
      "tp": 3052,
      "fpr": 0.0,
      "threshold": 0.9729148030281064,
      "alert_rate": 0.050010651023317546,
      "f1_at_1pct": 0.04762832755193514,
      "thr_at_1pct": 1.5200348639488213,
      "f1_at_0_1pct": 0.004938664967341086,
      "thr_at_0_1pct": 1.7919768419265747,
      "alerts_per_million": 50010.65102331754
    },
    "fused": {
      "auc": 0.7711832557572533,
      "prauc": 0.6394197260930912,
      "precision": 0.6532416502946955,
      "recall": 0.07959305804907241,
      "f1": 0.14189693801344286,
      "tn": 34941,
      "fp": 1059,
      "fn": 23070,
      "tp": 1995,
      "fpr": 0.029416666666666667,
      "threshold": 27.877660664916036,
      "alert_rate": 0.050012281994595925,
      "f1_at_1pct": 0.04681414550553046,
      "thr_at_1pct": 35.73190895318985,
      "f1_at_0_1pct": 0.004934930552791817,
      "thr_at_0_1pct": 124.59306443047525,
      "alerts_per_million": 50012.28199459593
    }
  }
}