{
  "n_lines": 2000,
  "labels_used": true,
  "threshold_percentile": 95.0,
  "thresholds": {
    "content": 107.08240280151367,
    "session": 3781.641015625,
    "fused": 1906.090350151062
  },
  "metrics": {
    "content": {
      "auc": 0.6878849902534113,
      "prauc": 0.9149706290816313,
      "precision": 1.0,
      "recall": 0.06172839506172839,
      "f1": 0.11627906976744186,
      "tn": 380,
      "fp": 0,
      "fn": 1520,
      "tp": 100,
      "fpr": 0.0,
      "threshold": 107.08240280151367,
      "alert_rate": 0.05
    },
    "session": {
      "auc": 0.6635331384015595,
      "prauc": 0.8926166221509567,
      "precision": 1.0,
      "recall": 0.06172839506172839,
      "f1": 0.11627906976744186,
      "tn": 380,
      "fp": 0,
      "fn": 1520,
      "tp": 100,
      "fpr": 0.0,
      "threshold": 3781.641015625,
      "alert_rate": 0.05
    },
    "fused": {
      "auc": 0.6601705653021442,
      "prauc": 0.8930951869846615,
      "precision": 1.0,
      "recall": 0.06172839506172839,
      "f1": 0.11627906976744186,
      "tn": 380,
      "fp": 0,
      "fn": 1520,
      "tp": 100,
      "fpr": 0.0,
      "threshold": 1906.090350151062,
      "alert_rate": 0.05
    }
  }
}