{
  "n_lines": 120,
  "labels_used": true,
  "threshold_percentile": 95.0,
  "thresholds": {
    "content": 44.93998908996425,
    "session": 4941.294873046865,
    "fused": 2491.216694760317
  },
  "metrics": {
    "content": {
      "auc": 0.627384960718294,
      "prauc": 0.7453882936313218,
      "f1": 0.16666666666666666,
      "precision": 1.0,
      "recall": 0.09090909090909091,
      "fpr": 0.0,
      "threshold": 44.93998908996425,
      "alert_rate": 0.05,
      "alerts_per_million": 50000.0,
      "f1_at_1pct": 0.058823529411764705,
      "thr_at_1pct": 569.7211993408204,
      "f1_at_0_1pct": 0.029850746268656716,
      "thr_at_0_1pct": 573.1381917114257,
      "cm": {
        "tn": 54,
        "fp": 0,
        "fn": 60,
        "tp": 6
      },
      "tn": 54,
      "fp": 0,
      "fn": 60,
      "tp": 6
    },
    "session": {
      "auc": 0.632716049382716,
      "prauc": 0.7408672992739161,
      "f1": 0.16666666666666666,
      "precision": 1.0,
      "recall": 0.09090909090909091,
      "fpr": 0.0,
      "threshold": 4941.294873046865,
      "alert_rate": 0.05,
      "alerts_per_million": 50000.0,
      "f1_at_1pct": 0.058823529411764705,
      "thr_at_1pct": 8274.02087890625,
      "f1_at_0_1pct": 0.029850746268656716,
      "thr_at_0_1pct": 8297.027860351562,
      "cm": {
        "tn": 54,
        "fp": 0,
        "fn": 60,
        "tp": 6
      },
      "tn": 54,
      "fp": 0,
      "fn": 60,
      "tp": 6
    },
    "fused": {
      "auc": 0.6161616161616161,
      "prauc": 0.7345994177964287,
      "f1": 0.16666666666666666,
      "precision": 1.0,
      "recall": 0.09090909090909091,
      "fpr": 0.0,
      "threshold": 2491.216694760317,
      "alert_rate": 0.05,
      "alerts_per_million": 50000.0,
      "f1_at_1pct": 0.058823529411764705,
      "thr_at_1pct": 4422.142472534179,
      "f1_at_0_1pct": 0.029850746268656716,
      "thr_at_0_1pct": 4433.366292877197,
      "cm": {
        "tn": 54,
        "fp": 0,
        "fn": 60,
        "tp": 6
      },
      "tn": 54,
      "fp": 0,
      "fn": 60,
      "tp": 6
    }
  }
}