{
  "n_lines": 120,
  "labels_used": true,
  "threshold_percentile": 95.0,
  "thresholds": {
    "content": 44.93998908996425,
    "session": null,
    "fused": 44.93998908996425
  },
  "metrics": {
    "content": {
      "auc": 0.627384960718294,
      "prauc": 0.7453882936313218,
      "precision": 1.0,
      "recall": 0.09090909090909091,
      "f1": 0.16666666666666666,
      "tn": 54,
      "fp": 0,
      "fn": 60,
      "tp": 6,
      "fpr": 0.0,
      "threshold": 44.93998908996425,
      "alert_rate": 0.05,
      "f1_at_1pct": 0.058823529411764705,
      "thr_at_1pct": 569.7211993408204,
      "f1_at_0_1pct": 0.029850746268656716,
      "thr_at_0_1pct": 573.1381917114259,
      "alerts_per_million": 50000.0
    },
    "fused": {
      "auc": 0.627384960718294,
      "prauc": 0.7453882936313218,
      "precision": 1.0,
      "recall": 0.09090909090909091,
      "f1": 0.16666666666666666,
      "tn": 54,
      "fp": 0,
      "fn": 60,
      "tp": 6,
      "fpr": 0.0,
      "threshold": 44.93998908996425,
      "alert_rate": 0.05,
      "f1_at_1pct": 0.058823529411764705,
      "thr_at_1pct": 569.7211993408204,
      "f1_at_0_1pct": 0.029850746268656716,
      "thr_at_0_1pct": 573.1381917114259,
      "alerts_per_million": 50000.0
    }
  }
}