{
  "n_lines": 2000,
  "labels_used": true,
  "threshold_percentile": 95.0,
  "thresholds": {
    "content": 107.08240280151367,
    "session": null,
    "fused": 107.08240280151367
  },
  "metrics": {
    "content": {
      "auc": 0.6878849902534113,
      "prauc": 0.9149706290816313,
      "precision": 1.0,
      "recall": 0.06172839506172839,
      "f1": 0.11627906976744186,
      "tn": 380,
      "fp": 0,
      "fn": 1520,
      "tp": 100,
      "fpr": 0.0,
      "threshold": 107.08240280151367,
      "alert_rate": 0.05,
      "f1_at_1pct": 0.024390243902439025,
      "thr_at_1pct": 576.4635211181641,
      "f1_at_0_1pct": 0.002466091245376079,
      "thr_at_0_1pct": 643.7981065063476,
      "alerts_per_million": 50000.0
    },
    "fused": {
      "auc": 0.6878849902534113,
      "prauc": 0.9149706290816313,
      "precision": 1.0,
      "recall": 0.06172839506172839,
      "f1": 0.11627906976744186,
      "tn": 380,
      "fp": 0,
      "fn": 1520,
      "tp": 100,
      "fpr": 0.0,
      "threshold": 107.08240280151367,
      "alert_rate": 0.05,
      "f1_at_1pct": 0.024390243902439025,
      "thr_at_1pct": 576.4635211181641,
      "f1_at_0_1pct": 0.002466091245376079,
      "thr_at_0_1pct": 643.7981065063476,
      "alerts_per_million": 50000.0
    }
  }
}