{
  "n_lines": 500,
  "labels_used": true,
  "threshold_percentile": 95.0,
  "thresholds": {
    "content": 5.253179550170898,
    "session": 5800.695361328125,
    "fused": 2901.4195643275975
  },
  "metrics": {
    "content": {
      "auc": 0.6571132820081516,
      "prauc": 0.416862946725124,
      "f1": 0.21621621621621623,
      "precision": 0.64,
      "recall": 0.13008130081300814,
      "tn": 368,
      "fp": 9,
      "fn": 107,
      "tp": 16,
      "fpr": 0.023872679045092837,
      "threshold": 5.253179550170898,
      "alert_rate": 0.05
    },
    "session": {
      "auc": 0.7524530417717971,
      "prauc": 0.5644493563294481,
      "f1": 0.25675675675675674,
      "precision": 0.76,
      "recall": 0.15447154471544716,
      "tn": 371,
      "fp": 6,
      "fn": 104,
      "tp": 19,
      "fpr": 0.015915119363395226,
      "threshold": 5800.695361328125,
      "alert_rate": 0.05
    },
    "fused": {
      "auc": 0.7541566927605615,
      "prauc": 0.5659667259585935,
      "f1": 0.25675675675675674,
      "precision": 0.76,
      "recall": 0.15447154471544716,
      "tn": 371,
      "fp": 6,
      "fn": 104,
      "tp": 19,
      "fpr": 0.015915119363395226,
      "threshold": 2901.4195643275975,
      "alert_rate": 0.05
    }
  }
}