target_dataset,branch,auc,self_f1,self_precision,self_recall,self_fpr,transferred_f1,transferred_precision,transferred_recall,transferred_fpr,generalization_gap_f1
access_eval_mix_2000,content,0.6878849902534113,0.11627906976744186,1.0,0.06172839506172839,0.0,0.542492294143549,0.946236559139785,0.3802469135802469,0.09210526315789473,-0.4262132243761072
access_eval_mix_2000,fused,0.6878849902534113,0.11627906976744186,1.0,0.06172839506172839,0.0,0.6679477325134512,0.884928716904277,0.5364197530864198,0.29736842105263156,-0.5516686627460093
access_eval_small_500,content,0.6984138308244751,0.11961722488038277,1.0,0.06361323155216285,0.0,0.5131086142322098,0.9716312056737588,0.3486005089058524,0.037383177570093455,-0.393491389351827
access_eval_small_500,fused,0.6984138308244751,0.11961722488038277,1.0,0.06361323155216285,0.0,0.6656050955414012,0.8893617021276595,0.5318066157760815,0.24299065420560748,-0.5459878706610185
nginx_json_eval_800,content,0.6577705556167603,0.1111111111111111,0.925,0.05910543130990415,0.017241379310344827,0.5398633257403189,0.9404761904761905,0.37859424920127793,0.08620689655172414,-0.4287522146292078
nginx_json_eval_800,fused,0.6577705556167603,0.1111111111111111,0.925,0.05910543130990415,0.017241379310344827,0.6718146718146718,0.848780487804878,0.5559105431309904,0.3563218390804598,-0.5607035607035606
